USDOT Number,Legal Name,DBA Name,pv_apcant_id
744951,A & A EXPRESS LLC,,254101
1468174,A & A FREIGHT INC,,517224
,A & A GRAIN SYSTEMS AND EQUIPMENT LLC,,355715
988202,A & A TRANSPORTATION LLC,,347738
829789,A & A TRANSPORTATION INC,,279965
2213958,A & B ENTERPRISES BROKERAGE INC,A & B LOGISTICS,39235
2510397,A & B MILLER CARRIERS LLC,,789015
162419,A & B TRACTOR SERVICE INC,,9406
,A & B TRANSFER INC,,105794
2507383,A & B TRUCKING LLC,,787637
571694,A & C ENVIRONMENTAL INC,,192906
,A & C TIERRA ENVIRONMENTAL INC,,405947
520966,A & C TOWING INC,,76896
290848,A & D EXPRESS INC,,32118
1741875,A & D TRANSPORT INC,,554572
1869012,A & D TRUCKING LLC,,592856
2238721,A & E LOGISTICS LLC,,512420
1622316,A & I TRUST IN GOD TRANSPORT INC,,566904
1767064,A & J CARGO INC,,566909
1869866,A & J DELIVERY SERVICE LLC,,593083
371654,A & J LEASING INC,,269936
2079822,A & J LOCK AND SAFE INC,ELITE TOWING & RECOVERY,644484
672718,A & J TIMBER & VENEER INC,,290747
,A & J TRANSPORT INC,,69040
805507,A & K TOWING LLC,,411341
3150171,A & K TRANSPORT LLC,,1037557
2925959,A & M AUTO TRANSPORT LLC,,909554
,A & M PRIORITY FREIGHT SERVICES INC,,339046
2233493,A & M REPAIRS LLC,,423718
738643,A & M TRUCKING LLC,,263634
1510270,A & N HAULING INC,,584493
2971724,A & P SHIPPING CORPORATION,,83
,A & S PARKING LOT MAINTENANCE LLC,,791754
1312693,A & S TRANSPORTATION INC,,421377
2828444,A & T FARMS LLC,,941109
1358139,A & T FREIGHT INC,,437725
2352251,A & T FREIGHT INC,,720471
3062790,A & T H TRUCKING LLC,,980010
567850,A & W EQUIPMENT INC,AMERICAN BULK CARRIER,87896
,A & W TOWING LLC,,952565
3164701,A & Z EXPEDITORS LLC,,1045782
671922,A & Z TRANSPORTATION LLC,,554993
1033300,A &J TRUCKING INC,,352928
2219936,A A COMPANY INC,,151182
,A A SEPTIC SERVICE & ROTARY SEWER CLEANING INC,AA SEPTIC SERVICE INCORPORATED,455572
750540,A AND B CONTRACTING LLC,,503371
2823388,A AND D LOGISTICS LLC,,861780
,A AND H CONCRETE INC,,961393
2535616,A AND J LIVESTOCK LLC,,800224
1770288,A AND M SHIPPING LLC,,563376
1693794,A BETTER LIMOUSINE COMPANY LLC,,538264
1068214,A BETTER WAY MOVING AND STORAGE INC,,473162
1886253,A BETTER WAY TRANSPORTATION LLC,,597214
242852,A C FREIGHT SERVICES INC,,21121
707793,A CRAFT MOVING AND STORAGE INC,A SOFT TOUCH MOVING & STORAGE,242328
1707676,A CROSS COUNTRY TRUCKING LLC,,543039
3174057,A DANGERFIELD TRANSPORTATION LLC,,1051121
1163780,A DARLING COURIER SERVICE INC,,384707
2908519,A F M TRANS INC,,901230
1709783,A F M TRANSPORTATION INC,,543710
1461653,A FAMILY TRADITION LLC,,466467
2971732,A FIVE STAR FORWARDING LLC,,542
2280218,A GROUP INC,,696730
268305,A GUARANTEED "3RD DAY" VAN SERVICE CORPORATION,"3RD DAY" VAN SERVICE,25635
2004382,A I C I INC,,660471
238168,A J EXPRESS COMPANY INC,,137739
758378,A J RYNN TRANSFER INC,,258929
626645,A J TRANSPORT INC,,488605
1240285,A J TRUCKLINES INC,,401890
519400,A J W BUS CORPORATION,,64819
996674,A LANDON EXCAVATING LLC,,605583
2038680,A LUXURY LIMO INC,,631931
2823906,A M H TRANS INC,,862040
438095,A M L INC,,846116
2965268,A M R TRANSPORTATION LLC,,930067
1178595,A M T TRUCKING INC,,384805
,A MARTINEZ TRUCKING INC,,709926
3142379,A MICKENS TRANSPORT LLC,,1033309
1913775,A MOVING XPERIENCE LLP,,603436
2243666,A N D LOGISTICS LLC,,584744
167653,A OF I INC,,115072
2569359,A ONE BROKERAGE INC,,815355
2955280,A ONE TRANSPORT INC,,930116
2565041,A PLUS QUALITY TRANSPORT INCORPORATED,A+ QUALITY TRANSPORT INC,814788
2196804,A PLUS TRANSPORT LLC,,679854
383484,A R TRANSPORT INC,,53866
688917,A RELOCATION SOLUTIONS MANAGEMENT LLC,,550
688917,A RELOCATION SOLUTIONS MANAGEMENT LLC,,21460
,A S TRANSPORT INC,,554059
2080906,A S TRUCKING CORP,,643330
1670572,A SENIOR MOMENT INC,,629959
3042994,A STEP ABOVE TRANSPORTING LLC,,969049
1618931,A STRAIGHTLINE TRUCKING INC,,513970
1238853,A SUPERIOR COMPOST COMPANY,,411279
2971737,A THREE RIVERS FORWARDING LLC,,424
2206115,A TO B TRANSPORT INC,,683041
2955112,A TO B TRANSPORTATION LLC,,924552
3182173,A TO Z CARGO INC,,1055210
2559946,A TO Z TRANSPORT LLC,,811811
2261014,A TOUCH OF CLASS LIMOUSINE CO INC,,689305
2266039,A TOUCH OF CLASS LIMOUSINE INC,,691263
1250690,A TOUCH OF CLASS LIMOUSINE LLC,,585822
2370714,A TOW LLC,,730332
2269928,A TOWING COMPANY,,692832
3121580,A UNIQUE TRAVEL LLC,,1022063
2279053,A V TRANSPORTATION LLC,A V TRANSPORTATION,696343
2504314,A VAN-GO LLC,,786369
248124,A&A INCORPORATED,,23822
1259333,A&B  TRANSPORT  INC,,405425
1159570,A&B FREIGHT LLC,,379651
2089639,A&D LIMOUSINE LLC,,646639
170226,A&E TRANSPORTATION INC,,292667
2384871,A&H COURIER SERVICE LLC,,736489
3198106,A&J GROUND TRANSPORT LLC,,1066012
3152224,A&K LUXURY TRANSPORTATION,LUXURY TRANSPORTATION,1038702
2247135,A&L BROKERS LLC,,635971
1297722,A&L ENTERPRISES LLC,,417332
207565,A&L TRUCKING INC,,128843
,A&M EXXON,,122412
2063795,A&M LOGISTICALSERVICES INC,,638634
,A&M TRANSPORT INC,,618619
,A&M TRANSPORT INC,,618620
2149169,A&R TRANSPORTATION LLC,,666716
2862233,A&T TRANS INC,,880783
,A+ COMPUTERS LLC,SNK LOGISTICS,827588
,A+ SERVICES,,912672
2932363,A+ SERVICES LLC,QUICK SHOT TRANSPORTATION,912673
804597,A-1 ABOVE VAN LINES INC,,269526
457555,A-1 CHARTERS INC,,180375
3115248,A-1 CRAFTSMEN LLC,,1026425
703844,A-1 EXECUTIVE LIMOUSINE SERVICES INC,,236316
,A-1 EXPRESS CHARTERED BUS SERVICE INC,,121569
889700,A-1 LINE INC,,299593
2244258,A-1 LOGISTICS LLC,,593706
581019,A-1 MESSENGER INC,,191661
602577,A-1 PALLET CO OF CLARKSVILLE INC,,319954
,A-1 PALLET TRUCKING INC,,1066543
3203119,A-1 PALLET TRUCKING INC,,1066544
1841314,A-1 TOWING LLC,,585005
,A-1 TOWING LLC,,585006
1103016,A-AFFORDABLE INC,A-AFFORDABLE LIMOUSINE SERVICE,369752
1161379,A-B DIVERSIFIED LLC,,384062
1869899,A-L EXPRESS LLC,,593089
702970,A-LINE MOVERS INC,,235999
1187817,A-LINE TRANSPORTATION INC,,385772
,A-MASS TOWING LLC,,358468
798344,A-ONE TOWING & AUTO REPAIR LLC,,631055
2215435,A-PLUS BROKERAGE INC,,64956
857864,A-PLUS TOWING & SERVICE INC,,398959
2869594,A-PLUS TRANSPORT CORP,,882816
785096,A-PLUS TRANSPORTATION INC,,261985
2470424,A-TEAM DELIVERIES LLC,,772116
3034471,A-TEAM DELIVERY LLC,,964602
,A-TEAM MOLD LLC,ATEAM MOLD,1069846
2971743,A-TRAN DELIVERY SERVICE INC,,35709
2920729,A-Z LOGISTICS INC,,907032
2589320,A-Z NATIONWIDE TRANSPORT INC,,824436
2778509,A-Z SHED TRANSPORTATION LLC,,844270
2640285,A-Z TRANSPORT LLC,,839378
957264,A AND A WILLIAMS DELIVERIES INC,,322290
125568,A B C COACH LINES INC,,105165
458320,A BLAIR ENTERPRISES INC,,48307
3051590,A BROWN MANAGEMENT GROUP LLC,4 BROTHERS TRUCKING,973690
,A C E INTERNATIONAL SHIPPER CORP,,64903
250389,A C MILLER LLC,,206355
250389,A C MILLER LTD,,24737
268681,A H YOCHUM,A H YOCHUM TRUCKING,165934
535913,A J G INC,AMERICAN LIMOUSINE,42360
271702,A J HOPE ENTERPRISES INC,,146537
315108,A J WENDT & SON INC,,112648
2223536,A JOHNSON ENTERPRISES INC,,238220
,A L D EXPRESS INC,,141516
570159,A L RODDEL ENTERPRISE INC,,87527
170286,A LINE INC,,1965
953445,A M EXPRESS OF SOUTH BEND INC,,320094
209716,A M EXPRESS INC,,17198
164127,A M RISHER TRUCKING INC,,118967
319081,A M TRANSPORT INC,,43558
187025,A R CARRIRS INC,,123443
390642,A T L INC,,55205
348536,A V OF TERRE HAUTE INC,ACE CAB COMPANY AND VIGO COUNTY CAB COMPANY,169413
,AB & K TRUCKING INC,,12740
,AB & K TRUCKING INC,,121811
1306959,ADT GROUP  SERVICE LLC,,420868
705276,AF OHAB COMPANY INC,,246978
626656,AG & MOORE ENTEPRISES INC,,210821
2828326,AIM LOGISTICS INC,AIM LOGISTICS,864508
,AJ TRUCKING INC,,374465
708854,AMS MOTOR SERVICE COMPANY,,238341
3229983,AT TRUCKING LLC,,1081506
268154,AVL TRANSPORTATION LLC,,22449
1486485,A/T TRANSPORTATION LLC,,474883
1826718,A1 AUTO ENTERPRISES INC,A1 AUTO LOGISTICS,579925
2887852,A1 AUTO TRANSPO INC,,890973
2325681,A1 BROKERAGE LLC,,710093
3154144,A1 CONNEXXIONS INC,,1039674
2901474,A1 DOMESTIC TRANSPORTATION INC,,897737
,A1 ENTERPRISE TRANSPORTATION LLC,,880218
3148951,A1 GLOBAL LOGISTICS INC,,1036907
,A1 PORTA POTTY LLC,,901225
1608341,A1 TOWING AND RECOVERY SERVICE LLC,,515701
2864603,A1 TRANSPORT LLC,,880590
,A1 TRUX EXPRESS LLC,,814683
,A1 TRUX EXPRESS LLC,,814684
2565713,A1 TRUX EXPRESS LLC,,814682
3062786,A2B EXPRESS INC,,980006
1464922,A2B TRANSPORT LLC,,468247
1976502,A2B TRANSPORTATION LLC,,616934
1912773,A2Z AUTO TRANSPORTERS & TOWING LLC,,603216
2790101,A2Z LOGISTICS CORP,,850123
2499212,A2Z XPRESS LLC,A2Z XPRESS,784262
2525840,A3P LOGISTICS GROUP LLC,,795821
3073279,A3P LOGISTICS GROUP LLC,A3P BROKERAGE,963783
3222139,AA CARRIERS LLC,,1077179
3060385,AA TRANSPORTATION LLC,,978593
2180993,AA TRUCKING,,675126
914921,AA TRUCKING INC,,307783
2485414,AAA EXPRESSWAY LLC,,778509
527893,AAA FREIGHT LINES INC,,24636
640896,AAA INTERSTATE TRANSPORTATION LLC,,213788
,AAA MOVING & STORAGE INC,,132514
3105924,AAA MUNOZ MASONRY LLC,,1013622
3156537,AAA TRANS INC,,1041052
1877257,AAA TRANSPORT INC,,594902
669257,AAA TRUCKING INCORPORATED,,223933
708322,AAACTION TRANSPORTATION INC,,238620
3003129,AAAT&T LLC,,948256
2229520,AABLE LOGISTICS INC,,348915
739776,AACTTN INC,,167475
2142216,AAG TRUCKING LLC,,662591
,AAL TRANSPORT INC,,963847
283109,AALL-RITE EXPRESS INC,,156960
,AARON BRYANT HOMAN,TWIN POWER TRANSPORT,670643
2168579,AARON BRYANT HOMAN,TWIN POWER TRANSPORT,670644
2383473,AARON BUDREAU FARMS LLC,,735918
1529516,AARON DEBRAH,A & A MOTORS,489218
,AARON FORWARDING INC,,651613
2576719,AARON M HANNA,,820329
1687762,AARON M WOODS,AARON WOODS TRUCKING,536175
849781,AARON M BODE,,299761
1141628,AARON RINK,AARON RINK TRUCKING,543344
2567297,AB EXPEDITED INC,,815538
2880945,AB LOGISTIC SOLUTION LLC,,887893
2482677,AB TRANSPORT LLC,,777307
3234999,AB-DELIVERY LLC,,1084120
2356900,ABA FREIGHT INC,,717537
3174863,ABA LOGISTICS CORP,,1051587
2348424,ABA'S PATH LOGISTICS LLC,,720465
2304907,ABB2 LLC,,734065
535210,ABBOTT TRUCKING INC,,100932
3100954,ABBY LOGISTICS LLC,,1010867
,ABC EXCAVATING AND LANDSCAPING INC,,539404
759463,ABC TOWING CORP,,361861
2181774,ABC TOWING INC,,698370
1832476,ABC TRANS LLC,,581684
2172663,ABC TRANSPORTATION SERVICE LLC,,671934
226397,ABC TRUCKING COMPANY INC,,18776
3157316,ABDULLAHI A YUSUF,AFRO,1041506
1926019,ABE TRANSPORT INC,,606428
2182990,ABEGAIL R BAHAM,A BAHAM TRUCKING,675350
2305303,ABG RENTALS & MOTORSPORTS LLC,,705581
1272202,ABG TRUCKING LLC,,409700
3055284,ABI CONSULTING LLC,,975698
2272980,ABID PONJEVIC,BINA TRUCKING,693992
2164601,ABL LOGISTICS LLC,,671159
,ABLE AMBULANCE INC,,682086
,ABLE EXPRESS INC,,113453
2970970,ABLE TO ASSIST TRANSPORTATION LLC,ABLE TO ASSIST TRANSPORTATION LLC,933007
173883,ABLE TRUCKING INC,,121881
804482,ABLE VAN LINES INC,,269474
1085778,ABN TRANSPORT LLP,,358703
3027736,ABOUT FACED LLC,,961079
3083694,ABOUT TIME TOWING LLC,,1001281
2936869,ABOVE & BEYOND XPRESS INC,,915496
,ABOVE AND BEYOND SERVICES INC,ABOVE & BEYOND LIMOUSINE SERVICES INC,943013
3028769,ABOVE THE BEST MOVERS AND CLEANERS LLC,,961583
827085,ABOVE-ALL GROUP INC,,278525
547275,ABOVE-ALL LIMO GROUP INC,,82700
377915,ABRAHAM A HAKIM,INTERNATIONAL LIMOUSINE SERVICES,53024
,ABRAHAM MARTIN,MARTIN TRANSPORT,297061
181952,ABRAMS TRUCKING INC,,131330
3213215,ABSD TRANSPORT INC,,1072091
1983703,ABSOLUTE DISPOSAL & RECYCLING LLC,,618740
2243761,ABSOLUTE FREIGHT MANAGEMENT INC,,586031
,ABSOLUTE MEDICAL WASTE LLC,,863143
2944385,ABSOLUTE TRUCKING AND LEASING INC,,919303
2309244,ABSOLUTE TRUCKING CO INC,,725506
3034645,ABSOLUTE TRUCKING LLC,,964689
1076819,ABT TRANSPORT LLC,,746890
753511,ABUV ONE LOGISTICS INC,,252010
2956967,AC TOWING LLC,,925496
2400978,AC TRANSPORT INC,,762456
3156399,ACACIA RECYCLING TECHNOLOGIES LLC,DRD LOGISTICS,1040971
3156399,ACACIA RECYCLING TECHNOLOGIES LLC,DRD LOGISTICS,1040972
784107,ACCELERATED AG DISTRIBUTION LLC,,698850
504695,ACCELERATED EXPRESS CORPORATION,,73705
2474857,ACCELERATED INTERNATIONAL FORWARDERS LLC,,764166
,ACCELERATED INTERNATIONAL FORWARDERS LLC,,764167
2474857,ACCELERATED INTERNATIONAL FORWARDERS LLC,,265415
1546628,ACCELERATED LOGISTICS INC,,490212
1855019,ACCENT TECHNOLOGIES INC,,588846
2237371,ACCESS LOGISTICS INC,,491732
1382282,ACCORD MOVING LLC,,441021
,ACCU-TEMP TRANSPORTATION INC,,169210
2638590,ACCUPRINT OF KENTUCKIANA INC,,838577
1208184,ACCURATE BUILDING SUPPLY LLC,,423918
3190769,ACCURATE COMMUNICATIONS CONSTRUCTION LLC,ACCURATE COMUNICATIONS CONSTRUCTION|ACC,1059708
2235753,ACE AUTO MOVERS LIMITED LIABILITY COMPANY,,464519
176340,ACE BATTERY INC,,574079
193365,ACE CAB OF ELKHART INC,,12572
673021,ACE CARGO LLC,,226629
2363404,ACE EXPEDITED SERVICES INC,,727012
3149443,ACE OF CLUBS TRUCKING LLC,,1076855
1819185,ACE OF LAPORTE INC,ACE TOWING,577447
125566,ACE REFRIGERATED TRUCKING SERVICE INC,,6501
1258618,ACE TRANS INC,,406121
3008515,ACE TRANSFER LLC,,951047
2366159,ACE TRANSPORT INC,,730601
,ACE TRANSPORT LLC,ACE TRANSPORT,1000316
3082054,ACE TRANSPORT LLC,ACE TRANSPORT,1000317
1250322,ACE'S HIGH TRANSPORT LLC,,433337
2075653,ACER TRANSPORT INC,,643610
,ACES DISPOSAL SERVICES INC,,923869
443130,ACFS INC,,59539
,ACKERMAN OIL CO INC,,206933
739437,ACKERMAN OIL CORPORATION,,247840
705800,ACLS INC,NATIONS TRANSPORTATION,226930
462363,ACME TRANSPORTATION INC,,65717
2227378,ACME TRANSPORTATION INC,ACME XPRESS,312504
2468404,ACME TRUCKING LLC,,771305
2110398,ACORD TRUCKING INC,,652814
2971775,ACORN FORWARDING INC,,428
331655,ACORN TRUCKING LLC,,456471
2232144,ACRO BROKERAGE LLC,,397739
1322406,ACS CARTAGE INC,,425195
472801,ACS INC,,68274
880267,ACT II TRANSPORT INC,,297000
2487633,ACT TRANSPORT LLC,,779443
2213708,ACT TRANSPORTATION SERVICES INC,,35616
1268110,ACTION COOLING TOWERS INC,,410025
1029496,ACTION ENVIRONMENTAL INC,,346546
2213731,ACTION EXPRESS INC,,36009
431377,ACTION EXPRESS LLC,,395603
834466,ACTION LOGISTICS INC,,278618
2608723,ACTION MOVERS COMPANY,,832388
1840567,ACTION SCS LLC,,36886
,ACTIVE DUTY LOGISTICS LLC,,830627
882746,ACTIVE FARM & TRUCK SERVICE LLC,,297339
2559410,ACTIVE INTERMODAL LLC,,811542
2876490,ACTIVE SERVICES LLC,,886391
717667,ACTIVE VAN LINES INC,BROADRIPPLE MOVERS,260882
2309115,ACTS TOWING SERVICE INC,,706237
2559758,ACUNA TRANSPORTATION LLC,,811726
3048483,AD EXPRESS LLC,,975300
2010335,AD TRANSPORT SERVICES INC,,626387
1767370,ADAM & HOLLY LANDEL,ALLSTAR TOWING & RECOVERY,562330
,ADAM D KLINGENSMITH,K & K DIRTWORKS,422996
,ADAM EARL,EARLS TRUCKING,333369
2462869,ADAM KIEL,BLACKCREEK HAULING,768971
1762293,ADAM M REKEWEG,,562138
2584550,ADAM PAMER,PAMERS DISTRIBUTING,824547
3229230,ADAM R DECARLO,REDHEAD EXPRESS,1080994
3170057,ADAM'S TOWING LLC,,1048879
,ADAMANCE,CRATERS AND FREIGHTERS OF INDIANAPOLIS,683308
2206898,ADAMANCE,CRATERS AND FREIGHTERS OF INDIANAPOLIS,683309
2177277,ADAMAR ENTERPRISES INC,,673464
2045,ADAMS AMD MULBERRY CORPORATION,,111965
3139441,ADAMS ENTERPRISES INC,,1031654
759085,ADAMS LANDSCAPING AND LAWNCARE INC,,923983
1613185,ADAMS SWINE FARMS LLC,,588489
2077554,ADAMS TOWING AND REPAIR LLC,,733546
250456,ADAMS TRANSPORTATION INC,,22485
,ADARA SERVICE CORPORATION,,359988
293383,ADCO LOGISTICS INC,,28508
125564,ADCO MOVING & STORAGE CO INC,,105927
2296455,ADDLEX LOGISTICS LLC,,696677
1771127,ADEL MOHAMED SAWAL,A S TRUCKING EXPRESS,563448
492627,ADESA AUCTIONS INDIANAPOLIS,,100364
592685,ADESA INDIANAPOLIS LLC,,662121
292626,ADKINS CHARTER & TOURS INC,,29178
535148,ADKINS FARMS INC,,300256
3064994,ADKOS,,981273
,ADKOS LLC,,842742
1037565,ADL CONSTRUCTION LLC,ADL,347999
684724,ADL LOAD PARTNERS INC,,229123
1845726,ADM TRANSPORT LLC,,585824
3097457,ADMI CORP,,1008919
743106,ADMIRAL TRANSPORT CO INC,,248702
,ADORN LLC,DESIGN COMPONENTS,313611
730704,ADRIAN R PATTEN JR,PATTEN TRUCKING,418657
213341,ADS LOGISTICS CO LLC,AREA TRANSPORTATION,13864
346752,ADVAC TRANSPORTATION,,169297
709610,ADVANCE DISTRIBUTION INC,,234110
3234487,ADVANCE ENERGY LLC,,1083840
,ADVANCE MEDICAL TRANSPORTATION LLC,,960292
392697,ADVANCE PACKAGE EXPRESS INC,,55544
1000307,ADVANCE SERVICES LLC,,419110
1726402,ADVANCE TOWING LLC,,549222
1098657,ADVANCED  TURF  TRUCKING  LLC,,352193
1465742,ADVANCED AIR AND FABRICATION LLC,,468144
2489074,ADVANCED COMFORT PRODUCTS INC,,780008
,ADVANCED CONCRETE,,959668
1923586,ADVANCED DISTRIBUTION SERVICES INDIANA LLC,,605827
1005387,ADVANCED EXPRESS INC,,339034
,ADVANCED LOGISTICS INC,,326055
,ADVANCED MOLD & ENGINEERING INC,,925442
1533971,ADVANCED NITRIDING SOLUTIONS LLC,ANS,486951
,ADVANCED OFFICE LOGISTICS,,894086
2573726,ADVANCED TOWING & RECOVERY 014 INC,,818763
2843073,ADVANCED TOWING LLC,,872920
1094298,ADVANCED TOWING INC,ADVANCED TOWING/RECOVERY,364797
2908081,ADVANCED TRUCKING LLC,,900980
781429,ADVANCED VACUUM SERVICES INC,,329094
,ADVANTAGE DELIVERY SYSTEMS INC,,334933
,ADVANTAGE EXPRESS INC,AEI,159074
521114,ADVANTAGE EXPRESS INC,,77012
2359983,ADVANTAGE FREIGHT LLC,,721990
1806021,ADVANTAGE LUMBER COMPANY LLC,ECOVANTAGE,616249
2223272,ADVANTAGE TRANSPORT INC,,233053
250890,ADVANTAGE TRANSPORTATION INC,,144643
781384,ADVANTAGE TRANSPORTATION INC,,379847
2236764,AEL CORP,,482211
3080673,AEP ENTERPRISES LLC,,990140
3047367,AER LOGISTICAL SOLUTIONS LLC,,971446
2969350,AER LOGISTICS LLC,AER LOGISTICS,932191
3199099,AER TRANSPORT LLC,,1011170
742511,AEROSTAR  INC,,248650
2830441,AES TRANSPORT LLC,,865598
3007210,AET LOGISTICS LLC,,950399
987757,AFC LOGISTICS INC,,315255
1488210,AFFARI TRANSPORT LLC,,475467
2164553,AFFECTS LIMOUSINE LLC,AFFECTS TRANSPORTATION,979996
612027,AFFINITY LIMOUSINE & TOURS INC,,196400
2981764,AFFINITY SYSTEMS,,937382
768138,AFFINITY TRANSPORT INC,,256305
1788786,AFFLUENT ENTERPRISES INC,TITUS TRANSPORTS,568517
,AFFORDABLE ENTERPRISES & ASSOC INC,AFFORDABLE TOWING & ASSOC,659346
2609083,AFFORDABLE PACKING LLC,,832561
2923627,AFFORDABLE SOLUTIONS - SHIPSHEWANA LLC,,908326
961176,AFFORDABLE TODD WRECKER AND REPAIR LLC,,321908
3074480,AFFORDABLE TOWING & ROADSIDE LLC,,1045610
,AFFORDABLE TREES LLC,AFFORDABLE TREES,472141
1534543,AFK EXPEDITED INC,,475044
1897118,AG CHEMICAL SOLUTIONS INC,,614512
2829361,AG COMMODITY TRANSPORT OF INDIANA LLC,AG COMMODITY TRANSPORT,865056
2845258,AG DYNASTY LLC,,874199
3151285,AG ENERGY TRANSPORT LLC,,1038162
2143005,AG PRODUCTS TRUCKING LLC,,662953
213616,AG TRUCKING INC,,1725
2453557,AG XPRESS LLC,,763122
1989236,AG-TRAN INC,,620077
1632998,AGAINST THE WIND EXPRESS LLC,,518019
2999936,AGAMNOVI CORP,,946561
2995990,AGAPE TRUCKING RVT LLC,AGAPE TRUCKING,944476
2977807,AGC TRANSPORT INC,ANNAPOLIS GRAIN CO TRANSPORT,940698
1589339,AGCORP LLC,,529272
3205324,AGELESS TRANSPORT LLC,AGELESS TRANSPORT,1067733
3209164,AGELESS TRANSPORT LLC,AGELESS TRANSPORT,1069787
1472751,AGES FREIGHT SERVICE INC,,470454
,AGGREGATE TRANSFER INC,,503569
491952,AGGREGATE TRUCKING & EXCAVATING INC,,729820
2984147,AGGRESSIVE TRANSPORT LLC,,938588
1530349,AGILE EXPEDITED SOLUTIONS INC,,485569
729033,AGILE LOGISTICS INC,,248741
,AGILITY LOGISTICS SERVICES LTD,,722698
2231081,AGM TRANSPORT INC,,377102
,AGM TRANSPORTATION LLC,,548337
2522431,AGM TRUCKING INC,,794228
,AGRA TRAILERS INC,,764447
2908879,AGREE TRANSPORT LLC,,901427
,AGRI CARRIERS INC,,124139
503933,AGRICULTURAL COMMODITIES TRANSPORT INC,AGRI-COMM TRANSPORT INC,83328
1450290,AGRIENERGY OF IN LLC,,462254
2233320,AGT LOGISTICS LLC,,420149
512777,AGTRANS INC,,80428
3207915,AGUILAR TRUCKING LLC,,1069025
3213999,AGY TRUCKING INC,,1072568
3028514,AH TRANS INC,,961457
2313481,AH TRUCKING INC,AH TRUCKING,707706
1375190,AHAD UNITED TRUCKING INC,AUT,438920
3126880,AHADU TRANSPORTATION LLC,,1024834
2894773,AHEAD LOGISTICS LLC,,894100
2588462,AHI TRANSPORT LLC,,826649
2993497,AHMED ALSAQA,PIGEON WORLD SHIPPING,943217
3148821,AHON TRANSPORTATION LLC,,1036838
2087622,AHS TRUCKING LLC,,645363
679013,AIDA LUZ TRUCKING INC,,309306
2921942,AIK TRANS INC,,907659
2584155,AIMSETT TRUCKING SERVICE INC,,824310
3087979,AIO ENTERPRISES LLC,,1014735
392683,AIR EQUIPMENT SALES & SERVICES INC,,55617
1833360,AIR FLIGHT INC,,581971
2217178,AIR LAND SEA TRANSPORTATION INC,,102029
2215710,AIR ROAD EXPRESS TRANSPORTATION SERVICES INC,,69939
401562,AIR ROAD EXPRESS INC,,26772
,AIR ROAD EXPRESS INC,,222735
2971808,AIR TRUCK INC,,15719
2266183,AIR WAYS LLC,,691301
2297576,AIR WOLF INC,,702375
275405,AIRGOOD TRUCKING INC,,37282
908066,AIRPORT COACH INC,,305120
506608,AIRPORT COURIERS & EXPEDITERS  LTD,ZOOM EXPRESS,74061
1805411,AIRPORT LOGISTICS AND EXPEDITERS INCORPORATED,AIR LOGIC INC,573336
866918,AIRWAY  TRANSFER  LLC,,292761
798407,AIRWAY EXPRESS INC,,266834
2221665,AIRWISE EXPRESS LLC,,193672
674820,AIRWORX CONST EQUIP AND SUPPLY LLC,,487352
748630,AJ EXPRESS INC,,250257
2311739,AJ TRANSPORT LLC,,707104
710192,AJ&S TRUCKING INC,,305592
,AJ'S JANITORIAL SERVICES,AJ'S SERVICES INC,663848
623897,AJA DEDICATED CARRIERS INC,,208978
2052776,AJB ENTERPRISES INC,,636114
1581095,AJEB INC,ALL AMERICAN RECOVERY,735617
2180330,AJMJ TRANSPORT LLC,,674436
794171,AJP LLC,,265439
2796736,AJP LLC,,853151
2898127,AJS EXPRESS LLC,,904011
2469651,AJS LOGISTICS LLC,,773149
3098471,AJT TRUCKING LLC,,1012569
,AJZ LOGISTICS INC,,861319
907562,AJZ TRANSPORT INC,,562799
2886925,AK HAMSTRA INC,,890501
3027157,AK TRANS LLC,,960796
3173344,AKA TRUCKING COMPANY,,1050760
2437620,AKAAL EXPRESS LLC,,758231
2392716,AKAL EXPRESS INC,,739666
,AKAL LOGISTICS BROKERAGE INC,,506303
2875091,AKAL SAHAI TRUCKING INC,,885659
1548749,AKAL TRANS INC,,490772
1548749,AKAL TRANSPORT INC,,361544
1980563,AKASHA TRUCKING INC,,617942
,AKAT BROKERAGE INC,,539058
2248752,AKAT BROKERAGE INC,,662443
143468,AKER PLASTICS CO INC,MAXX,450079
2155622,AKERS FLEET SERVICES LLC,,667460
3012454,AKG SYSTEMS INC,,953083
3127824,AKH TRUCKING LLC,,1025359
734108,AKINS EXCAVATING INC,,436976
3101288,AKKT TRUCKING LLC,,1012557
3137894,AKTT LOGISTICS LLC,,1030819
2148346,AL CRUMBLE,A R CRUMBLE TRUCKING,664371
294122,AL GIBSON,,33871
2422092,AL OMAR CORPORATION,,751700
175248,AL WANINGER TRUCKING CO INC,,433173
,AL'S ENTERPRISES,,631508
2797302,AL-DENI LLC,,853610
886399,ALA TRUCKING INC,,628729
2511010,ALAM TRANS INC,,791326
2884124,ALAM TRUCKING LLC,,893968
,ALAMAR FREIGHT BROKERS INC,,48918
960576,ALAMO TRAILS INC,,321877
1154452,ALAN BAHLMANN,,378461
2195685,ALAN BEHRENS,,679479
869587,ALAN H WENTZEL,,293216
318754,ALAN L COFFMAN,COFFMAN LOGGING,351501
898851,ALAN' S  TRUCKING  INC,,343719
561172,ALASKA USA VAN LINES LLC,,84809
,ALBERRING'S GARAGE INC,,47502
2220799,ALBERS BROKERAGE INC,,167743
2006420,ALBERT AND DOROTHY REED TRUCKING LLC,,691881
672255,ALBERT L CARR,R T TRUCKING,215957
514841,ALBERT LAWYER,L & L FARMS,46554
923141,ALBERT MURPHY & SON INC,,310007
369358,ALBERT R BIBIE,BIBIE TRUCKING,51609
1977002,ALBERT W ANDRES,ANDRES CONTRACTING,690942
2536652,ALCRO TRANSPORTATION INC,,787711
2248468,ALCS LLC,,657985
2724408,ALCS TRANSPORTATION LLC,,842147
1576263,ALDAST INC,,499187
2358184,ALDEA TRANSPORT INC,,724764
649513,ALDEN TRUCKING COMPANY  INC,WRIGHTWAY LOGISTICS,215430
3078035,ALDERMAN GROUP LLC,,988636
1416959,ALDO INC,ALAMO AUTO SERVICE,454054
286987,ALEBRO LLC,DAVIS WHOLESALE SUPPLY LLC,46975
2454302,ALEBRO LOGISTICS LLC,,765235
319965,ALEX BROWN,C & A TRUCKING,266426
3081087,ALEX K LANGENKAMP,LANGENKAMP,990570
,ALEX PRODUCTIONS INC,BGT TRUCKING,124056
2572857,ALEX TRANSPORTATION LLC,,818312
480085,ALEXANDER DISTRIBUTING INC,,86236
750162,ALEXANDER TRUCKING LLC,,258056
1584446,ALEXANDRE SAFTALOV,ALTAN,502183
1324857,ALEXANDRIA TRANSPORT SERVICE LLC,,425927
2243686,ALEXANDRIA TRANSPORT SERVICE LLC,,584998
,ALEXANDRIA TRUCK SERVICE INC,,164991
3076932,ALFA STAR TRUCKING INC,,988016
2354772,ALFAJOY LLC,,723227
625683,ALFRED  J DECKER,DECKER TRUCKING,208522
2861045,ALFRED LOGISTICS INC,,879277
1336681,ALFREDO BARAJAS,BARAJAS SERVICES,429650
3148506,ALFREDO RUBIO CABRERA,,1036654
2924171,ALFREDO TORRES,UNIQUE NATIONAL TRANSPORT,908610
,ALFREDO ZUNIGA,A TO Z TRANSPORT,855819
1613901,ALH AUTO TRANSPORT INC,,512402
1575375,ALH TRANSPORT LLC,,579538
888967,ALICE ERPELDING,ERPELDING ENTERPRIZES,338302
,ALICE L FISHER,,495986
2248736,ALICE PORTER,DOG GONE FREIGHT,662153
3071260,ALIED CAPITOL LOGISTICS LLC,,984815
1827371,ALIGS TOWING AND RECOVERY LLC,,599426
,ALISHA BRADLEY,ALL DAY TOWING,708303
2477931,ALIVE OUTSIDE LLC,ALIVE OUTSIDE,776562
920529,ALL 4 HIM INC,,310067
3090025,ALL A'S TRANSPORTATION,,1026423
2154708,ALL ACCESS EXPRESS INC,,666298
,ALL AMERICAN AUTO AND FLEET,,715254
2642719,ALL AMERICAN EXPEDITING,,840599
2232846,ALL AMERICAN EXPRESS LLC,,411482
2882572,ALL AMERICAN RV SERVICES LLC,,888635
2909406,ALL AMERICAN SPECIALIZED TRANSPORT LLC,,901722
475663,ALL AMERICAN TOWING & RECOVERY OF CARMEL INC,ALL AMERICAN TOWING & RECOVERY,78313
2554460,ALL AMERICAN TRANSPORTATION INC,,809081
2301033,ALL AMERICAN TRUCKING CORP,,703486
2149537,ALL AROUND LIMOUSINE AND PARTY BUS SERVICE LLC,ALL AROUND LIMOUSINE SERVICE,664700
1981438,ALL AROUND TOURS LLC,,618149
2566500,ALL AROUND TOWING AND RECOVERY LLC,DAVID LEWIS ALL AROUND TOWING AND RECOVERY LLC,815104
2326925,ALL AROUND TRANSPORTATION SERVICES LLC,,712392
2847624,ALL AUTO TOWING,,875589
2247837,ALL BETS LOGISTICS LLC,,647601
2056820,ALL BORDERS EXPEDITING LLC,,632148
2373073,ALL CITY TOWING INC,,732786
2236755,ALL DIRECTION SERVICES INC,,482012
1784682,ALL FREIGHT TRANSPORTATION LLC,,567412
2250446,ALL IN LOGISTICS LLC,,683680
2209474,ALL IN TRANSPORT LLC,,684235
1402460,ALL INTEGRITY TRUCKING LLC,,446027
3146926,ALL LINES LOGISTICS INC,,1080335
2474145,ALL MARINE SHIPPING LLC,,773669
1258013,ALL OCCASIONS PARTY RENTAL INC,,409176
2940232,ALL POINTS EXPEDITING LLC,,917275
2561894,ALL POINTS HAULAGE,,813337
738636,ALL POINTS LOGISTICS INC,,247744
2232102,ALL POINTS LOGISTICS INC,,396986
2443720,ALL PRO TOWING & RECOVERY LLC,ALL PRO TOWING & RECOVERY,763461
896502,ALL S TRANSPORT INC,,822454
1605705,ALL SEASONS TENT & PARTY RENTAL LLC,,788394
2480417,ALL SEASONS TRANSPORT LLC,,889532
3228504,ALL SIZE FREIGHT LLC,,1080599
2888388,ALL STAR LOGISTICSINC,ALL STAR LOGISTICSINC,891261
1349178,ALL STAR PAVING INC,ALL STAR PAVING,885163
3036538,ALL STAR TRUCK LINES USA INC,ALL STAR TRUCK LINES,965702
468833,ALL STAR TRUCKING INC,,67291
2451777,ALL STATE EXPRESS INC,,764142
,ALL STATES TRANSPORT CORPORATION,,91954
2214357,ALL TEMP BROKERAGE INC,,45947
395919,ALL TEMP TRANSPORT INC,,46476
,ALL TERRAIN MOTORSPORTS OF LOOGOOTEE LLC,,752639
2250114,ALL THAT JAZZ ENTERPRISES INC,,685356
2470721,ALL THE WAY LOGISTICS LLC,ATW LOGISTICS,799212
3042115,ALL THE WAY LLC,BIG GUYS MOVING,968588
2982648,ALL WEATHER TRUCKING COMPANY INC,,937831
3096717,ALL WEATHERS HAULING LLC,,1008500
2243448,ALL--FREIGHT ANYTIME LLC,,580862
1371978,ALL-AMERICAN EXPRESS LLC,,438095
2232781,ALL-INCLUSIVE TRUCKING INC,,410454
2215706,ALL-STAR BROKERAGE INC,,69769
513509,ALL-WAYS LEASING COMPANY INC,,24401
1163388,ALL-WAYS TRUCKING INC,,380571
2070507,ALLAN HOPKINS & JOE HIGGINS,H & H TRANSPORT,640467
2423735,ALLAN TRUCKING LLC,,752385
1651250,ALLAY LIMOUSINE LLC,ALLAY LIMOUSINE,528107
240951,ALLEGIANCE WIRE COMPANY INC,,22033
3141762,ALLEN & HAYES TRANSPORT LLC,,1032939
,ALLEN C HILL,HILLS TRUCK LINE,715163
718058,ALLEN COUNTY TOWING AND RECOVERY INC,,22807
119481,ALLEN DELBERT MEYER,A & L TRUCK LINE,115381
815706,ALLEN J YODER,AJ YODER TRUCKING,268050
845730,ALLEN L CLINE,C K TRUCKING,285199
,ALLEN RONALD LEE,,776511
1817433,ALLEN S POLSTON,,576930
2528496,ALLEN STURTZ,ABC TRUCKING,796917
,ALLEN TRUCK SALES INC,,462335
672597,ALLEN TRUCKING INC,,248380
2835657,ALLEN'S AUTO TRANSPORT INC,,868784
621794,ALLEN'S FOOD MART INC,,206941
,ALLEN'S TOWING LLC,,821353
3138187,ALLEN'S TRANSPORT INC,,1030997
566609,ALLENWOOD TRANSPORT INC,,87621
,ALLIE WALKE,A & W TRUCKING,116433
2971833,ALLIED ALLIANCE FORWARDING LLC,,493
2971834,ALLIED CONTINENTAL FORWARDING LLC,,491
770216,ALLIED CONTRACTORS INC,,657191
2971835,ALLIED DOMESTIC FORWARDING LLC,,494
,ALLIED EXPRESS CORPORATION,,49139
2971836,ALLIED FREIGHT FORWARDING LLC,,193
2222913,ALLIED FREIGHT FORWARDING LLC,,225627
2971837,ALLIED INTERMODAL FORWARDING LLC,,363
695763,ALLIED INTERSTATE TRANSPORTATION INC,,233247
2971839,ALLIED TRANSCONTINENTAL FORWARDING LLC,,492
2971840,ALLIED TRANSPORTATION FORWARDING LLC,,495
,ALLIED TRANSPORTATION INC,,167669
235079,ALLIED-SIGNAL TRANSPORTATION INC,,16890
2555488,ALLIMASE TRUCKING COMPANY LLC,,809638
914087,ALLISON TRANSPORTATION SYSTEMS INC,,380117
2251283,ALLONS TRANSMISSION & AUTO REPAIR LLC,TUBB'S TOWING,685569
3081159,ALLPOINT TRUCKING INC,,990417
1182806,ALLSTAR FREIGHT SERVICES LLC,,384851
3127971,ALLSTATE MOVING SOLUTIONS LLC,,1025454
2344659,ALLSTATE WRECKER SERVICE LLC,,718898
2496900,ALLSTATES TRUCKING SERVICES INC,,783270
,ALLU T AUTO TRANSPORTATION & LOGISTICS LLC,ATATL,950523
3007484,ALLU T AUTO TRANSPORTATION & LOGISTICS LLC,ATATL,950524
2875015,ALM EXPRESS LLC,,885616
2434956,ALOKAM INC,,757105
1938931,ALONDRA'S TRUCKING INC,,662647
2574747,ALP TRANSPORT INC,,819293
2989205,ALPHA AUTO TRANSPORT INC,,941075
,ALPHA BROTHERS CARRIER LLC,,1000717
3081525,ALPHA BROTHERS CARRIER LLC,,1000718
2386550,ALPHA EXPRESS INC,,755127
,ALPHA EXPRESS CORP,,266964
797169,ALPHA EXPRESS INC,,266491
2971850,ALPHA FREIGHT NETWORK INC,,846705
,ALPHA FUNERAL SERVICE LLC,BTS,496746
833348,ALPHA LEASING LLC,,663154
2493605,ALPHA MALE TRANSPORT INC,,781940
2020992,ALPHA OMEGA TRANSPORTATION LLC,,627476
2916183,ALPHA SHIPPING LLC,,904646
3097984,ALPHA TRANS INC,,1009245
3102087,ALPHA TRANSPORT LLC,,1011268
2638549,ALPHA TRANSPORT RV LLC,,838540
997233,ALPHA TRUCK LINES LLC,,392228
3158654,ALPHA TRUCKING LLC,,1042302
3106411,ALPHA-1 EXPEDITE LLC,,1013867
3191542,ALPHALOGIX LLC,ALPHALOGIX,1064996
,ALPINE FREIGHT FORWARDING INC,,644837
3235389,ALPINE MOUNTAIN WATER INC,,1084338
3235389,ALPINE MOUNTAIN WATER INC,,1084339
1968125,ALPINE TRANSPORT CO,,644024
2215524,ALRITE TRANSPORT CORP,,66516
1277014,ALSTAR MATERIAL TRANSFER INC,,424348
3171180,ALSTEN LOGISTICS INC,,1049559
3215408,ALTA CARRIERS INC,,1073423
2083277,ALTAMIRA TRUCKING COMPANY,,746347
3133009,ALTERNATE TRUCKING CO,,1028138
2390708,ALTERNATIVE AG SERVICES AND CONSULTANTS LLC,,797811
2278967,ALTERNATIVE FUEL SOLUTIONS LLC,,1018064
1583111,ALTERNATIVE LOGISTICS INC,MADDOX EXPRESS,501730
2237825,ALTERNATIVE TRUCK BROKERAGE CORPORATION,,498687
297572,ALTOM TRANSPORT INC,,30197
570960,ALTON TRANSPORTATION CO INC,,87923
,ALTRA TRANSPORT INC,,234298
600949,ALTRA TRANSPORT INC,,89782
134286,ALTRESS TRUCKING INC,,57452
3214528,ALTSHUTTLE LLC,,1072897
267918,ALUM-A-CRAFT INC,,153605
254032,ALUMINUM TRANSPORT INC,,20835
,ALVA THOMAS MANNING,PHOENIX TRANSPORTERS,96358
3019290,ALVERN C GARTH ENTERPRISE LLC,BROOKS AND SONS LOGISTICS,956697
731041,ALVIN DALE HAZELWOOD,A HAZELWOOD TRUCKING,287884
1601067,ALVIN GRABER,,510388
1956498,ALVIN MCDANIEL,CRIDER MOVING & STORAGE,59602
914202,ALVIN P SCHALK JR,SCHALKS TRUCKING,366370
1329628,ALVIN S PILOTTE JR,A P TRUCKING,427340
3216071,ALVIN TRUCKING LLC,,1073786
2097693,ALVORD TRANSPORT COMPANY,,648639
1130468,ALWAYS HAULIN INC,,415188
3209192,ALWAYS MOVING FORWARD TRANSPORTATION INC,,1069802
238703,ALWAYS TRANSIT INC,,124960
2598375,ALWAYS XPRESS INC,,831545
2579778,ALWC NATIONAL INC,,822009
765168,ALYEA TRUCKING INC,,302558
2156868,AM FREIGHTLINE LLC,,666946
2521458,AM-PM TOWING LLC,,799961
498721,AM/PM EXPRESS INC,,72869
438094,AMA TRUCKING INC,,61269
2474318,AMANDA STEELE,BLADERUNNER TRANSPORT,776375
2267202,AMANDEEP CARRIER LLC,,691734
2502434,AMAR-DEEP TRANS INC,,785650
1837997,AMARJIT GILL,GILL TRUCKING,583477
1609116,AMARJIT S GOSAL,A G TRUCKING,635889
2823622,AMAZING RIDES LLC,,861889
3209898,AMB ALLIANCE LLC,,1070205
1741485,AMB CARRIERS INC,,554435
2148651,AMB GROUP INC,,606075
2565022,AMBASSADOR AUTO TRANSPORT LLC,,814361
,AMBASSADOR ENTERPRISES INC,,69340
2087498,AMBASSADOR TOWING AND AUTO LLC,,648911
2218306,AMBASSADOR TRAVELINC,,125763
2549056,AMBAY LOGISTICS INC,,806405
2475627,AMBER TRUCKING INC,,810986
1523590,AMBIENCE LIMOUSINE INC,,825871
1745093,AMBREE TRUCKING LLC,,555621
2950289,AMD LOGISTICS LLC,,922011
3013261,AMEER HASSAEN,MIDWEST TOWING AND TRANSPORTATION,953482
3232555,AMEN TRANSPORT  LLC,,1082828
,AMEREX FORWARDERS INC,,698
3048517,AMERI TRUCKS INC,,972058
2242703,AMERI-HAUL LOGISTIC BROKERS LLC,,569959
3148791,AMERICA-CANADA LOGISTICS INC,,1036820
1949845,AMERICAN ASSET RECOVERY SPECIALISTS LLC,,611997
649061,AMERICAN AUTO HIKERS INC,,216543
3127206,AMERICAN AUTOMOTIVE CHAPERONES,,1025019
2269168,AMERICAN BROKERAGE LLC,,689182
529171,AMERICAN BULK CARRIER INC,,50062
641612,AMERICAN BULK CARRIERS INC,,208280
1604101,AMERICAN BULK LLC,,592990
337507,AMERICAN BUSLINES INC,,42301
2224515,AMERICAN CARGO TRANSIT INC,,259385
2986811,AMERICAN CARRIER INC,,939897
270958,AMERICAN CARRIERS INC,,146305
243611,AMERICAN COACH TRAVEL INC,,19505
202543,AMERICAN CONCORD LINES INC,,126233
473011,AMERICAN CONTAINERS INC,,436322
3072933,AMERICAN DEMOLITION AND SALVAGE LLC,,1007266
3023621,AMERICAN EAGLE CARRIER INC,,958928
268426,AMERICAN EAGLE EXPRESS CO INC,,31174
1576133,AMERICAN EAGLE LOGISTICS LLC,,499154
2406119,AMERICAN EAGLE TRANSPORT LLC,,745101
,AMERICAN EAGLE WORLDWIDE FORWARDERS INC,,614
1740737,AMERICAN ENTERPRISE GROUP INC,,554169
533157,AMERICAN ENVIRONMENTAL CORPORATION,AMERICAN INDUSTRIAL SERVICES,291173
2780391,AMERICAN EX-PRESS LLC,,847370
2355764,AMERICAN EXPEDITERS,,723704
642991,AMERICAN EXPEDITING SERVICES INC,,210914
1437864,AMERICAN FREIGHT CARRIERS INC,,457443
1818590,AMERICAN FREIGHT INC,AMERICAN TRANS,577269
2950224,AMERICAN FREIGHT LOGISTICS INC,,921977
,AMERICAN FREIGHT SOLUTIONS INC,,1049140
3170502,AMERICAN FREIGHT SOLUTIONS INC,,1071057
1706293,AMERICAN GLOBAL MANAGEMENT LLC,,542568
2800670,AMERICAN GROUP TRUCKING INC,,889176
2476150,AMERICAN HAWK INC,,774562
813661,AMERICAN HERITAGE TRAILS LLC,,388245
1802711,AMERICAN HERITAGE TRANSPORT LLC,,572497
190791,AMERICAN HIGHWAY CARRIERS OF INDIANA INC,,19116
,AMERICAN HIGHWAY CARRIERS INC,,123746
,AMERICAN HIGHWAY CARRIERS INC,,168674
2456191,AMERICAN HOTSHOT TRANSPORT LLC,AHT,774277
2236054,AMERICAN IDLE LOGISTICS INC,,469523
1549281,AMERICAN INDY EXPRESS INC,,490964
125559,AMERICAN INTERNATIONAL DRIVEWAY OF INDIANA INC,,9098
2937542,AMERICAN LOGISTICS INC,,915484
3096421,AMERICAN LUXURY MOTORS INC,JBJC EXPRESS LTD,1008316
2507800,AMERICAN MIDWEST MOTOR FREIGHT LLC,,788399
733045,AMERICAN OAK PRESERVING CO INC,,576648
2839189,AMERICAN QUALITY LLC,,870839
125558,AMERICAN RED BALL TRANSIT COMPANY INC,,1543
345518,AMERICAN ROAD LINES INC,,60903
1815800,AMERICAN ROADWAYS INC,,632722
1696440,AMERICAN SAFETY LOGISTICS LLC,,539206
2966323,AMERICAN STRONG COURIER SERVICES,,930700
2924194,AMERICAN TRADING AND DISTRIBUTION LLC,,908619
,AMERICAN TRANSFER & STORAGE INC,,106056
2006779,AMERICAN TRANSPORT AND RECOVERY LLC,,624248
241806,AMERICAN TRANSPORT SYSTEM INC,,144989
1585776,AMERICAN TRANSPORT XPRESS INC,,502649
249019,AMERICAN TRANSPORT INC,,22788
2230175,AMERICAN TRANSPORTATION AND LOGISTICS LLC,,360706
,AMERICAN TRANSPORTATION COMPANY INC,,157395
1295083,AMERICAN TRANSPORTATION LLC,,416590
1722917,AMERICAN TRUCK LINES INC,,548068
579845,AMERICAN TRUCKING INC,,97682
2941129,AMERICAN VETERAN TRUCKING INC,,917466
2569069,AMERICAN VETERANS TOWING LLC,,816371
2229372,AMERICANA LOGISTICS INC,,346645
344457,AMERICANA INC,,44137
561412,AMERICAS QUALITY VAN LINES LLC,,84814
2538207,AMERICAS TRANSPORT LLC,,801375
2443043,AMERICORE,,756930
,AMERICORE INDUSTRIES INC,,568116
2129589,AMERIJA LOGISTICS LLC,,671582
2204516,AMERIKING AUTO SERVICES LLC,,682472
1783752,AMERIPINA LLC,,577862
1799204,AMETI LIMITED LLC,,571467
1986188,AMG CONTRACTING SERVICES INC,,619359
1968575,AMICK TRUCKS LLC,,557742
939289,AMIE'S TRUCKING INC,,315320
3079737,AMIR TRUCKING LLC,,989599
3226227,AMISH TAXI LLC,,1079644
3158889,AMJ TRUCKING LLC,,1042423
708908,AMJAD TRUCKING LLC,,885724
1311125,AMJET INC,,440065
,AMK TRANSPORTATION LLC,,718015
1424760,AMKI TRUCKING INC,,597402
2896871,AMLINK TRANSPORTATION SOLUTIONS LLC,,895229
1058197,AMO TRUCKING INC,,393399
1193412,AMORY J WILLIAMS,PERRY'S 24HR TOWING,415099
,AMOS M HILTY,,468388
2470772,AMOS RABER JR,,772245
,AMOS TRUCKING LLC,,626687
2480683,AMP EXPRESS INC,,776495
2449611,AMP TRUCKING INC,,763222
1519087,AMPRO LLC,,483247
,AMRAP TRANSPORT LLC,,1022475
894978,AMRIK BAL,DILS TRUCKING COMPANY,300457
1617484,AMRIT FREIGHT TRANSPORT INC,,513552
2858569,AMRIT FREIGHT TRUCKING INC,,877907
2272718,AMRITPAL SINGH,MEET GURU CARRIERS,693881
430545,AMS COMPANY,,57997
2538966,AMS TOWING SERVICE & REPAIR LLC,,801734
1686931,AMSTAR LLC,,535552
2928456,AMT TRUCKING LOGISTICS LLC,AMT LOGISTICS LLC,910864
,AMTRAIL TRANSPORTATION INC,,92670
1797612,AMTURF ENTERPRISES LLC,,609707
3000730,AMU4513 INC,,946984
3065605,AMUN-RA TRANSPORTATION LLC,,981622
3065605,AMUN-RA TRANSPORTATION LLC,,981623
2595933,AMW TRANSPORTS LLC,,830315
2227987,AMY BLASCHKE JOANNA BLASCHKE AND STEVE BLASCHKE,BLASCHKE FREIGHT MANAGEMENT,322911
2841993,AMY L GUTHRIE,ALG TRUCKING,879546
2558359,AN CARRIER INC,,811031
1934819,AN TRANSPORT LLC,,608496
2971881,ANAHEIM MOVING SYSTEMS LLC,WORLD CLASS VAN LINES,412
805410,ANAHEIM MOVING SYSTEMS LLC,WORLD CLASS VAN LINES,269671
3026793,ANAND EXPRESS LLC,,960603
3024889,ANANDPUR TRANS INC,,959639
1928261,ANANT & G LLC,,637224
453578,ANATOL LUCENKO,TRIDENT MOTOR CARRIER,59081
3024501,ANBRO LOGISTICS AND WAREHOUSING,ANBRO LOGISITICS AND WAREHOUSING,959429
3194318,ANCELET TERMILUS,NC TRANSPORT,1062151
993856,ANCHOR CARTAGE LLC,,540939
2418949,ANCHOR TRANSPORT COMPANY,ATC,750388
998445,ANCIL P HAMPTON,A P H TRUCKING,331598
2529269,AND STILL,,797257
790076,ANDERSON FRALEY & SHELIA FRALEY,A & S TRANSPORTATION,263915
844333,ANDERSON TRANSPORT INC,,319021
1636156,ANDERSON TRUCK LINES INC,,520106
3110705,ANDRE POTTER,WE HAUL,1016177
1038030,ANDRE SASSEVILLE,ANDRE'S TRANSPORT,349200
584775,ANDREA J SHAW,FEATHER CREEK TRUCKING,95185
,ANDRES VALTIERRA,CONSTANT BROKERAGE,658871
,ANDRETTI SPORTS MARKETING,,804133
857599,ANDREW  H  ZIMMERMAN,ZIMMERMAN  TRANSPORT,288943
,ANDREW A BRADLEY,BRADLEY TRUCKING,309678
1347693,ANDREW A ROSS SR,ROSS TRANSPORT,431570
2461804,ANDREW ALLEN STORRS,,768657
263989,ANDREW B LEWIS,LEWIS FARMS,25204
900314,ANDREW D MULZER,AD MULZER TRUCKING,302480
2259771,ANDREW DAWSON,DAWSON EXPEDITING,688872
1593335,ANDREW DOUGLAS THOMAS,AIM TRANSPORT SERVICES,505787
,ANDREW J HETRICK,HETRICK ENTERPRISES,505681
2234865,ANDREW J LEGRAND,AJ EXPRESS BROKER SERVICE,448425
386590,ANDREW J ESCHBACHER,ESCHBACHER FARMS,214250
710176,ANDREW J LEGRAND,LEGRAND TRUCKING,291182
795359,ANDREW L STONE,A & A TRUCKING,277316
1718897,ANDREW P GRIDLEY,GRIDLEY TRUCKING,547435
2324921,ANDREW S CURTS,CURTS HAULING,711623
2207344,ANDREW SWANGO,SWANGO TRUCKING,683460
,ANDREW SZALAJKO,,55492
291034,ANDREW WILLIAMS,ANVE'S TRANSPORTATION,149547
847853,ANDREW YOUNG,ANDREW YOUNG TRUCKING,311631
,ANDREWS TRANSPORTATION LLC,,648247
2096576,ANDREWS TRANSPORTATION LLC,,648248
241431,ANDREWS' LIVESTOCK & GRAIN INC,,22075
965069,ANDRZEJ GRYFIK,GRYFIK TRANSPORT,345522
2404681,ANDY BOSEO TRUCKING LLC,,744546
2061870,ANDY FEDERER TRUCKING LLC,,661210
1740888,ANDY FREIGHT INC,,554215
1041601,ANDY LLOYD,LLOYD CONSTRUCTION SERVICES,410494
2512560,ANDY NATIONAL,,789814
3094181,ANGEL AND SON'S TOWING LLC,,1007021
2220864,ANGEL EXPRESS INC,,169369
2392418,ANGEL HARRIS & EVERTT HARRIS,HARRIS TRUCKING,739561
2182915,ANGEL M SIEVERS,ANGEL SIEVERS TRUCKING,675344
351269,ANGEL TRANSIT OF INDIANAPOLIS INC,,169614
1025436,ANGEL TRANSPORT LLC,,344303
770550,ANGEL TRANSPORTATION SERVICES INC,,256777
,ANGELA AND RICHARD BURDINE,ARB,921363
1101268,ANGELA SANCHEZ,A R T S TRANSPORT,367095
2060743,ANGELIA BUTLER,JRS JUNIOR NON MEDICAL TRANSPORTATION,664938
2465440,ANGELIKA LAMBERT,LAMBERT TRANSPORTATION,771220
938370,ANGELS WINGS EXPEDITED LLC,,315938
2786754,ANGELS WINGS TRANSPORT LLC,,848427
423552,ANGLE TRUCKING LLC,,58393
1090072,ANGOLA COLLISION SERVICES INC,,364220
1256883,ANITA L BRINKLEY,TWO WINGS TOURS,674325
658775,ANITA LEE,,355576
1635015,ANKER ENTERPRISES LLC,,617562
707881,ANN ELLERMAN,,360920
,ANNA MARY LEONARD,LEONARD LOGISTICS,546233
2940080,ANNCOR CORP,,916864
,ANNE BREEDEN,,652554
3106522,ANOTHER CHANCE TRUCKING INC,,1013931
3097558,ANOTHER LOAD LLC,,1008989
2459318,ANSH TRUCKING LLC,LUCKY TRANSPORT,767393
,ANTHONY BELLE,A & K AUTO RECOVERY,635578
1632784,ANTHONY BETZ,BETZ TRUCKING,534406
1628441,ANTHONY BRADEN,BRADENS TRUCKING,517142
1408820,ANTHONY D HOLEMAN,ADH TRUCKING,850168
2192529,ANTHONY EVANS,K-CALB TRANSPORTATION,678393
365726,ANTHONY HILL,,207010
2487274,ANTHONY J LOSEKAMP,A J LOSEKAMP TRUCKING,779275
727700,ANTHONY J BOOHER,BOOHER FARMS TRUCKING,314885
359450,ANTHONY K KUCKUCK,KUCKUCK TRUCKING,41340
1018148,ANTHONY KOCHER,W HARRISON TRANSFER & RIGGING,383694
943910,ANTHONY L GERBER,DAB TRANSPORT,332635
173413,ANTHONY M ZAKRZEWSKI,,34447
,ANTHONY PIERCE,ANTHONY PIERCE DELIVERY SERVICES,614218
,ANTHONY R DOWNEN,,979835
,ANTHONY R ERB & ROBERT G ERB,ERB TRUCKING,350768
2440009,ANTHONY ROBERTS,SUPERIOR TRUCKING SERVICE,759247
2901304,ANTHONY SCHEERER,SCHEERER TRUCKING,897656
717236,ANTHONY W DOMIRE SR,EAST ANGOLA TRAILER & STORAGE,241093
752924,ANTHONY W JACKSON,MIKE'S TOWING,254682
1566688,ANTHONY WOODS,DOUBLE J TRUCKING,822051
2215230,ANTLER CORPORATION,,61840
2233583,ANTLER TRANSPORT INC,,425544
1415574,ANY OCCASION CHARTERS INC,,449764
1214997,ANYTHING GOES INC,ANYTHING GOES,395068
2399013,ANYTIME TOWING AND RECOVERY OF MICHIANA INC,,742223
2268819,ANYTIME TRANSPORT LLC,,692384
,AOB ENTERPRISES LLC,53 TRANSPORT|53 TRANSIT,1059335
2512481,AOH TRUCKING LLC,,790249
2628207,AOZ LOGISTICS LLC,,841323
1511575,AP HOBBS TRANSPORTATION CO LLC,,481564
3183502,AP TOWING & RECOVERY INC,,1055827
,APACHE TRANSPORT LLC,APACHE TRANSPORT,519704
,APCI LLC,,688592
,APEX COURIER LLC,,531597
,APEX GRAIN INC,,110926
2874222,API  TRANSPORT INC,,885196
2883649,API TRANSPORT INC,,889226
2508026,APL CARGO INC,,787922
1612925,APLUS UBQ LLC,,616649
2922489,APOLLOS WATER LLC,,917880
3213763,APPLE BROKERAGE INC,,1072427
2256708,APPLE LOGISTICS INC,APPLE TRANS,687785
293910,APPLEGATE ENTERPRISES INC,,148277
2340681,APPLEGATE FARMS LLC,,731429
1042067,APPLEMAN EXPRESS INC,,351289
3187502,APPLEWHITE TRANSPORT INC,,1057918
266611,APPLEWOOD FARMS INC,,30698
2078421,APPLIANCE INSTALLATION TECHNICIANS LLC,,642683
,APPLIED PRESSURE INC,,869147
2893972,APR ALLEN PLASTICS REPAIR INC  ,,898612
1776426,APR TRUCKING LLC,,565037
995132,APRIL HUMBLE,HTR AUTO TRANSPORT,369576
2260612,APRIL YOUNG,WNA DELIVERY,689165
3017701,APS TRANS INC,,955864
2137190,APS TRANSPORTATION LLC,,667390
2978087,APT TRANSPORTATION LTD,,935513
2971906,APTUS DELIVERY SYSTEMS LLC,,753541
2426544,APTUS TRANSPORTATION LLC,,753611
2079621,AQ BUILDERS LLC,AQ TRANSPORT,643002
3121905,AQ EXPRESS INC,,1022226
756581,AQUA TRANSPORT LLC,,480522
1833674,AQUAVALYN WRIGHT,Q & R TRANSPORTATION,582059
2822391,AR TRANS INC,,861248
1624003,ARAC ENTERPRISES LLC,OVERLORD LOGISTICS,515405
697264,ARBA TRUCKING INC,,234461
2441499,ARC LOGISTICS LLC,,757830
2999345,ARCADIA EXPRESS LLC,,946249
,ARCANA INC,,133634
998894,ARCHIE A HOLLAND,AA TRUCKING,342771
1660102,ARCHITECTURAL STONE TRANSPORT LLC,,526641
941715,ARCTRANS LLC,,316488
513942,ARDITH R GRAY,,185912
506665,ARDWAY INC,,74409
332145,AREA GARAGE & TOWING  INC,,48163
1031501,AREA IV AGENCY ON AGING AND COMMUNITY ACTION PROGRAMS INC,WAVELAND VOLUNTEER TRANSPORTATION PROGRAM,346521
3109110,ARELLANO TRUCKING INCORPORATED,,1015304
,ARELLANO TRUCKING INC ,,370035
1739221,ARES PARTNERS LLC,ONE SOURCE OFFICE SOLUTIONS,553797
2203165,ARIAS TRUCKING CH LLC,,714056
1978048,ARIAS TRUCKING INC,,618761
2567590,ARIDE INDIANA LLC,,815711
2567590,ARIDE INDIANA LLC,,815712
295077,ARIES FREIGHT SYSTEMS,,35098
2378589,ARIN TRUCKING INC,,733757
2451257,ARISTO FLEET INC,,763923
631628,ARIZONA TRANSPORTATION & LOGISTICS LLC,,210802
1885616,ARJUN TRUCKING INC,,613083
348513,ARLEN R AND JAN A MITCHEL,MITCHEL TRUCKING,57482
2138826,ARLEN TRUCKING INC,,661627
286258,ARLIS B WADE,A B WADE & CO,125364
1145655,ARMANDO CERVANTES,AC TRUCKING,577200
2044626,ARMOR RECYCLING OF INDIANA INC,,633400
3066062,ARMOR TRANSPORTATION LLC,,981911
193468,ARMORED SERVICES INC,,15498
692351,ARMSTRONG & SON TRANSPORTATION INC,,252937
2107929,ARMSTRONG TRANSPORT LLC,,652069
2226592,ARMSUR INC,,298837
3188262,ARNALDIT INC,,1058311
,ARNETT ENTERPRISES INC,,42806
996916,ARNETT TRANSPORT LLC,,594864
,ARNIE RICHARD TRIVETT,FREIGHT SOLUTIONS,622567
3213419,ARON TRANS INC,,1072213
2562802,AROOP TRANSPORT INC,,813225
672059,ARRO TRANSPORT LLC,,224734
2631561,ARROW LINE EXPRESS INC,,835146
2953327,ARROW LOGISTICS LLC,ARROW LOGISTICS,923553
872600,ARROW MIDWEST COMPANY INC,,293902
1585379,ARROW TRUCK LINE INC,,502506
1698141,ARROYO ENTERPRISE INC,A AND E SALVAGE AND RECYCLING,632389
2582756,ARSO EXPRESS INC,,823578
2971924,ART INTERNATIONAL RELOCATIONS LLC,,512
,ARTER W SHORT,A W P SHORT TRUCKING,31840
1225532,ARTHUE FRYE,LAST CHANCE AUTO TRANSPORT,439415
70806,ARTHUR A SAPPINGTON,SAPPINGTON & SON'S MOVING,107621
676742,ARTHUR BIRD,AM BIRD TRUCKING,293828
595737,ARTHUR G BARKS JR,JR BARKS EXCAVATING,511883
1253856,ARTHUR GEAHR,BIG TOW TOWING & LOCKOUTS,404761
874012,ARTHUR J BOULIANNE,ARTHUR'S TRANSPORT,297139
2190346,ARTHUR RAY STRICKER,STRICKER TRUCKING,684903
,ARTHUR TROTZKE,,112619
1021280,ARTIKA 1 HAULING INC,,346824
563037,ARTIM TRANSPORT INC,,41829
334165,ARTISAN EXPRESS DELIVERY LLC,,810156
784042,ARTURO Q VELASQUEZ,AQV TRANSPORT,260534
2595246,ASA CARRIER LLC,,829989
3234682,ASA FREIGHT INC,,1083955
2814373,ASA TRUCKING INC,,858172
2931298,ASANTE TRUCKING LLC,,912181
552859,ASAP DELIVERY INC,,83660
,ASAP TIRE ACQUISITION LLC,ASAP TIRE,1060516
2282931,ASB HYDRO-BLASTING SERVICES INC,,697557
2961803,ASB TRANS INC,,928119
1419891,ASBURY TRUCKING INC,,451114
3139368,ASC CARRIER INC,,1031609
2523380,ASCANIA INC,,794686
3185493,ASCENT LOGISTICS LLC,,1056862
684386,ASCHE TRUCKING INC,,289168
2926686,ASDI LLC,,909937
2279252,ASF TRUCKING INC,,778809
2412939,ASHANTI SIMPSON,,747988
3084018,ASHASA LOGISTICS LLC,AHS EXPRESS LOGISTICS,1001464
3084018,ASHASA LOGISTICS LLC,AHS EXPRESS LOGISTICS,1001465
2846905,ASHBURN TRUCKING LLC,,875164
,ASHBY TOWING AND RECOVERY LLC,,704591
,ASHCRAFT AND SON TRUCKING,,48900
125553,ASHCRAFT TRUCKINGINC,,115675
3092948,ASHER TOWING & TRANSPORT LLC,,1032896
,ASHER TRANSPORTATION INC,,32246
1286331,ASHER TRUCKING LLC,,429404
2151395,ASHLEY LOGISTICS INC,,665269
475646,ASHLEY TRANSPORT INC,,68586
184234,ASHLEY TRAVEL INC,,13622
2213939,ASHLIN TRANSPORTATION SERVICES INC,,39017
3080268,ASHORE TRANSPORT LLC,,989901
2245384,ASHRAF A SAWAL,SAWAL LOGISTICS,610771
743637,ASHTIN TRUCKING INC,,249656
711484,ASHWILL TRUCKING INC,,320076
515129,ASHWORTH ENTERPRISES INC,,75703
1840753,ASIEDU TRANSPORT LLP,,584396
2803150,ASK GROUND COURIERS LLC,,856491
3222861,ASK MURFF LOGISTICS INC,,1077580
2859383,ASMARA TRANSPORTATION LLC,ASMARA TRANS,878378
190009,ASPEN INC,,13201
3072680,ASR TRANSPORT LLC,,985656
3018147,ASS TRUCKING LLC,,956095
613744,ASSET MANAGEMENT INC,,195280
1310758,ASSET RECOVERY CORPORATION,AWT ASSET RECOVERY,422043
788542,ASSOCIATED CAB & LIMOUSINE INC,,263051
628793,ASSOCIATED CARRIERS INC,,218014
428655,ASSOCIATED DELIVERY SYSTEMS INC,,59178
522324,ASSOCIATED STORAGE & VANINC,,2071
2331043,AST TRANSPORT CORPORATION,,715049
2019899,ASTIBO INC,,1004530
,ASTRA INC,,248576
316520,ASTRAL CARRIER INC,,34786
378085,ASTRO COURIER SERVICE INC,,53119
1020711,ASTRO GALAXY LEASING LLC,,345410
1831880,AT LLC,,796650
994049,AT YOUR DOORSTEP MOBILE STORAGE COMPANY,,336864
2071637,ATC TRANSPORT INC,,695989
2341945,ATCHLEY TRUCKING LLC,,717763
1225133,ATD GROUP LIMITED,,443489
1543446,ATF LOGISTICS LLC,,489319
2976192,ATHENA TRANSPORT LLC,,934578
2220587,ATHENS BROKERAGE INC,,162745
2549222,ATIF NICHOLAS,,807860
394586,ATKINSON REFRIGERATED EXPRESS INC,,175411
278872,ATLANTIC INLAND CARRIERS INC,,30758
2471097,ATLANTIS EXPRESS,,772375
3225029,ATLANTIS TRANSPORT SERVICES INC,,1078747
,ATLAS DOCK SYSTEMS INC,,428572
653106,ATLAS FORWARDING INC,,500
653106,ATLAS FORWARDING INC,,31403
650860,ATLAS LOGISTICS INC,,217033
,ATLAS TRANSPORT LLC,,946618
282488,ATLAS TRANSPORT INC,,147266
,ATLAS TRANSPORTATION LLC,ATLAS TRANSPORTATION LLC,951398
3009183,ATLAS TRANSPORTATION LLC,,951399
2092230,ATLAS UNLIMITED TRANSPORTINC,,646719
125550,ATLAS VAN LINES INC,,7752
125550,ATLAS VAN LINES INC,,3614
,ATLEE SCHWARTZ,A E R S CONSTRUCTION,771402
777700,ATLUS LLC,,346313
1271433,ATM ADVISORY CORPORATION,,410672
1845301,ATM BULK TRUCKING LLC,,585687
,ATM TRUCKING INC,,453698
2924098,ATN TRUCKING LLC,,908562
2952010,ATS CARRIER CORPORATION,,922851
3089638,ATS IMPERIAL,ATS IMPERIAL,1004499
2105389,ATS TRANSPORT LLC,,651287
3015716,ATWOOD LOGISTICS LLC,,954773
800191,AUBURN EXPEDITING INC,,267432
2251081,AUBURN EXPRESS INC,,685497
2064966,AUBURN TRUCKING INC,,638967
2564511,AUDIE S BARKES,,812145
247088,AUDUBON TRAILS COACH LINE INC,,3794
807429,AUGIE JONES INC,,273726
1686696,AUJLA INC,,731370
2884283,AUJLA STAR TRANSPORT LLC,,889529
3029919,AUJLA TRANS INC,,962162
1999857,AUREO PEREZ,AMERICAN DREAM CT TRANSPORT,622611
,AURORA CASKET COMPANY INC,,43875
860980,AURORA TOWING LLC,AURORA TOWING,415388
874207,AUSTGEN  CONCRETE  INCORPORATED,,294778
674149,AUSTGEN EQUIPMENT INC,,266626
2941527,AUSTIN GACKE,AG TRANSPORT,917694
2211571,AUSTIN TRANSPORTATION SERVICES LLC,,725510
164111,AUSTIN TRUCKING COINC,,11242
145926,AUTO & TRUCK FORWARDING INC,,118152
2641498,AUTO 911 TOWING INC,,839988
1042019,AUTO AIR & TOWING INC,,452891
1042019,AUTO AIR & TOWING INC,,452328
2992881,AUTO BUYERS CLUB INC,,942902
1518089,AUTO CARRIER SERVICE LLC,ACS,482905
1831312,AUTO EVERYTHING INC,SHAMROCK TOWING,699891
1589128,AUTO HAUS COACH INC,,506973
568840,AUTO HAUS LIMOUSINE INC,,88311
2123989,AUTO MEDICS LLC,,657218
698009,AUTO MOVERS INC,,234157
2247667,AUTO RELOCATING SPECIALIST LLC,,644410
1780601,AUTO RELOCATING SPECIALIST LLC,,566180
928746,AUTO TEMPERATURE CONTROLSPECIALISTS INC,ATC SPECIALISTS,314726
3204759,AUTO TRANSPORTER MCSWAIN LLC,,1067427
,AUTOFORM TOOL & MFG INC,,592652
2236464,AUTOMATED LOGISTICS LLC,,477020
2217581,AUTOMOBILE CLUB OF SOUTHERN INDIANA INCORPORATED,,114175
656522,AUTOMOTIVE TECHNICIANS INC,,285879
2273576,AUTOTRANSCORP LLC,INTEGRITY AUTO TRANSPORT,689070
2088340,AUTOWORKS TRANSPORTATION INC,,676255
315211,AUTRI INC,,224895
938215,AUTUMN HILLS TRANSPORTATION INC,,314982
2965832,AUTUMN RIDGE TRANSPORT LLC,,930370
577606,AUUSTA RAMER,AUSTA'S DISTRIBUTION SERVICES,191440
1786971,AUXIER XPRESS SPECIALIZED & RECOVERY LLC,,568015
3199405,AV LOGISTICS LLC,,1064441
3126865,AV PROS LLC,,1024826
2823159,AV TRANSIT LLC,,861663
3229391,AVA FREIGHT LOGISTICS LLC,,1081078
2557934,AVA LOGISTICS LLC,,810841
2231418,AVAIL MOVE MANAGEMENT INC,,383401
656172,AVAILABLE SHIPPERS INC,,49125
1648425,AVAILABLE TRANSPORT LLC,,522907
3161054,AVENUE CONTRACTING LLC,AVENUE TRANSPORTING,1043671
879287,AVERY COLLINS JR,E & A ENTERPRISE,296001
3079116,AVERY DYER,AVE'S AUTO REPAIR,1069513
1468493,AVILLA MOTOR WORKS INC,,674934
1463721,AVINASH SINGH,GURU TRUCKING,467259
270587,AVM INC,,32070
3088643,AVON MOVING AND STORAGE LLC,,1003940
2873685,AVON TRANSPORT LLC,,814937
2244809,AVRAM WORLDWIDE LLC,,602431
2912355,AVTAR EXPRESS LLC,,903319
2485495,AVTAR TRUCKING INC,,778555
1271584,AVULLO & ASSOCIATES INC,,410036
1891237,AW TRANSPORT INCORPORATED,,658008
2225528,AWA INC,,279543
2431000,AWH INC,FAK LOGISTICS INC,753903
2186927,AWH TRANSPORTS LLC,,676627
1310942,AWTAR SINGH KALKAT,K 7 EXPRESS,424223
2273716,AWW FREIGHT LLC,,694277
317254,AXE TRUCKING CO INC,,51606
1038036,AXIS LOGISTICS INC,,443163
2593912,AXIS TRUCKING LLC,,829144
2264453,AYALI TRUCKING LLC,,690619
2379108,AYC EXPRESS LLC,,733984
3084121,AYC LOGISTICS LLC,,1001524
2468575,AYERS TRUCKING LLC,,771371
1817443,AZSTAR LOGISTICS LLC,ROADTEX LTL,576934
2978118,B&J RECOVERY LLC,ALSCO OF EVANSVILLE,935527
1297173,BAYLOR INTERMODAL INC,ADVANCED INTERMODAL,415886
1332687,BENMERICA LLC,ANY TOWING COMPANY,692709
2061731,BIT-MAT PRODUCTS OF OHIO INC,ADVANTAGE CONCRETE,637996
2247690,BLUE GREEN EARTH CORP,AM FREIGHT BROKERAGE,644809
1668594,BORCE BUDZAKOSKI,A T G EXPRESS,529435
1018202,BRADLEY WRATTEN,AFFORDABLE FLEET SERVICES,688825
3156082,BRANDON MERKLEY,ADC TRANSPORT,1040769
2110505,BRIAN MOORE,A2B TOWING AND TRANSPORTATION,657456
714239,BRUCE D ARTHUR,ARTHUR TRUCKING,587869
1413814,CAMALUNA LLC,A BULL TRUCKING,449225
831709,CANISTER MOORE,A-1 TRUCKING,716498
2148829,CARL HAZZARD,ANN MARIE LIMOUSINE,669591
2231145,CAROL A BOGARD,ASD LOGISTICS,378107
2262073,CCCC EXPEDITE LLC,A STRONG GROUP,808576
1460210,CEDRIC ALEXANDER,ALEXANDER EXPRESS,472726
,CENTURION INDUSTRIES INC,A-LERT,404674
683862,CHARLES A AKERS,AKERS ENT,436067
453105,CHARLES E HOLLEN,ALL-STATE EXPEDITING,63914
2788077,CHRISTOPHER M ABEL,ABEL AND HARTZELL CONSTRUCTION,849531
786959,CHRISTOPHER M AULT,AULT TRANSPORT,839882
2942011,CHRISTOPHER THOMPSON,AC TOWING,917964
597044,CLAUDINE KUKLER,A LUXURY LIMOUSINE,100986
153330,CLEATIS G ALLEN,ALLEN MOTOR EXPRESS,105402
543040,CMFINC,AUTO WORLD TOWING@TRUCKING,421684
,COLLIN A PAINTER,AUCTION EXPRESS,681122
1231061,COMMUNICATION TRANSPORTATION CORPORATION,AA ELEGANT LIMOUSINE,422673
867511,CORY  SCAMPITILLA,ANGEL  TRUCKING,295113
,CREATION GROUP TRANSPORTATION INC,ATWOOD TRANSPORTATION GROUP,66850
2790431,CROSSROADS EXPRESS TRANSPORTATION LLC,ATW TRUCKING,861181
2877251,DAGOS LLC,AVALON EXECUTIVE TRANSPORTATION OF INDIANA,886780
1683014,DAHLKE & HIDAY AUTOMOTIVE SPECIALISTS INC,AUTOMOTIVE SPECIALISTS & EXPRESS WRECKER SERVICE,745631
1957746,DALE I SHUPERT,ALWAYS TRUCKING,612594
1220517,DAMANI DICKERSON,ANYTIME,396955
1465934,DANA ANDREW BOWLIN,ANDYS TRANSPORT,472922
1604215,DARRELL EIKENBERRY,ALACRITY,513307
2502508,DAVENDY LLC,AMERICAN CROSSROADS TRANSPORT,785670
1862726,DAVID FROHLICH,ATS LIMOUSINE SERVICES,588314
849735,DAVID L ADKINS,ADKINS TRUCKING,286392
,DAVID M FORBES & CASEY BAUER,ADVANCED AUTO RECOVERY,505401
929791,DEANNE AND JAMES ALLEN,ALLEN'S TOWING,512729
738567,DENISE STOUT & LUCIEN BRIDGES,ADVANTAGE LOGISTICS,248395
,DENNIS GOOCH,A-WHEEL A-WAY,942245
,DENNIS L HEATON,AGRI VENTUREINC HAY FARMS,506403
1297790,DK HOCKERMAN ENTERPRISES INC,ALL CITY DELIVERY,286645
1286415,DON SICHLING AND ARON STRAKER,A+ LIMOUSINE,414191
125560,DONALD C ALBERTSON,ALBERTSON DRIVEWAY,116749
2195121,DOUG MCCLAIN,AJ TOWING & TRANSPORTATION,679288
595611,DOYLE ADAMS,ADAMS BROTHERS,190008
3227793,DSS TRANSPORTATION,AGAM TRUCKING,1080233
,EDWARD J WOLVERTON & JOHN R CROUCH,ALADDIN TRANSPORTATION SYSTEMS,59384
,ERNIE RILEY,ACTION CHARTER COACHES,161671
,FIRST CALL TOWING AND RECOVERY INC,ALLEN COUNTY TOWING AND REPAIR,651422
966696,FRANK ANDERSON,ANDERSON TRUCKING,337014
666541,FRANKLIN V TURNER,ACCURACY TRUCKING,215251
727542,FRED E OESTREICH,AFTER HOURS,605904
1982165,FX RUANE LLC,AMBASSADOR LIMOUSINE SERVICE,622993
418627,GALEN L MILLER,AVAIL TRUCKING,335604
527923,GARBE MOVING & STORAGE INC,A MOORE MOVING SERVICES,52928
3122725,GARY E MILLER,A CALL AWAY TRANSPORTATION AND WINE TOURS,1022662
701840,GARY K LOUDERMILK,ANWARD TRUCKING,714914
793787,GARY L OPEL,ACCELERATED DELIVERY SPECIALISTS,265244
,GARY R ALLDREDGE,ALLDREDGE TRUCKING,424923
,GENE A ECKERLEY,A-FRIEND TRANSPORTATION SERVICE,604758
805072,GLOBAL WORLDWIDE LLC,A-1 SUMMIT VAN LINES,269610
805072,GLOBAL WORLDWIDE LLC,A-1 SUMMIT VAN LINES,99
2556099,GRASS FED EXPRESS LLC,ARCHER FREIGHT,791753
818918,GREEN LINE MOVING & STORAGE OF INDIANAPOLIS LLC,ALL MY SONS OF INDIANAPOLIS,302057
,GREGG MARVIN,ASPHALT ENGINEERS PAVING AND TRUCKING CO,519801
1408981,GREGORY ALAN BREWER,A-N-G TRANSPORT,447887
372674,H E ALLEN,ALLEN BROTHERS TRUCKING,61206
3198605,HEATH AULDRIDGE,AULDRIDGE TRUCKING,1064007
2490417,INFEX INC,A AND A TRUCKING,780526
2578538,J AND J ALLEN LLC,ALLEN'S TOWING,821354
,J J SNACKS INC,ACME DISTRIBUTORS,783660
482586,JACK D SIMON,ACTION AMERICAN CHARTER COACHES,182707
,JACK F BUTLER,ACROSS AMERICA EXPRESS,310962
796681,JACK R ANDERSON INC,ANDERSON TRANSPORT,438525
1825318,JAMES ASHER,ASHER TRUCKING,579396
469490,JAMES B MOORE,ATHENS AVIATION,181891
2396325,JAMES C PREER,ASSERTIVE LOGISTICS,741102
1904929,JAMES D SMITH,AGP2,601504
,JAMES FARLEY,AUGUST TRANSPORTATION,412855
868278,JAMIE H CAUDILL,ALL-WAYS TRUCKING,294338
1193387,JASON WOODWARD,AFFORDABLE TOWING,394154
3216357,JD360 LLC,ALLTRAN FREIGHT,1073959
1249379,JEFFREY A AX,AX TRUCKING,403609
678986,JENNIFER LEHMAN,A C EXPRESS,242152
1752340,JERRY ALLEN ABRAM,ABRAMS G AND S,558385
1118673,JOBE ENTERPRISES INC,AAA MOVING & STORAGE,310797
1744196,JOE ALVAREZ,A2Z TRUCKING,555366
286826,JOE GRADY JR,A-TRAN'S DELIVERY SERVICE,75818
,JOE S VIRGINIA D AND JOE B ARNOLD,ARNOLD SPREADING SERVICE,126525
2799801,JOHN J ADAMS,ADAMS NETWORK AND TRANSPORTATION SERVICES,854835
836761,JOHN R STANG,AMBASSADORS OF FUN,281448
,JOHNNIE M BROWN,ANCHOR MOVERS,138738
2481733,JOHNNY W ROBINSON,AFTER HOURS TOWING & ROADSIDE ASST,806807
1190360,JOSEPH A MCCORD JR,ADAM MCCORD TRUCKING,871319
1293843,JOSEPH GALLO & ALEXANDER M WANGARD,AJ AUTO TRANSPORT,418981
1978727,JOSHUA D BALDWIN,ANB TRANSPORT,617528
2378263,JUAN M ALTAMIRANO JR,A10 TRUCKING CORP,733598
2303227,JUSTIN ADKINS,ADKINS TRUCKING,739610
401109,K C K INC,ACE AUTO SERVICE,57277
2496604,KARANJEET SINGH RANDHAWA,ASH TRUCKING,783152
1831784,KEEGAN L DAVIDSON,AFFORDABLE MOVING,785131
1047035,KELVIN TRUSSEL,A-ELITE TRANSPORTATION,352284
,KENNETH C ALLEN AND WAYNE W ALLEN,ALLEN BROS,109194
1916679,KENT H RICH,A 1 WELDING AND TOWING,604175
1851445,KENT J DASHEL,ANDERDASH 6 TOWING AND RECOVERY,587729
,KEVIN CAVANAUGH,ADVENTURE COACH,384430
594179,KHAWAJA T AHMED MUHAMMAD R BHATTI AND SAJJAD A MIRZA,A-1 LIMOUSINE SERVICE,101215
2823002,KIMBERLY SHEPHERD,AK LOGISTICS,861582
1566364,KORSON INC,ASAP TOWING,531375
714418,L THOMAS ATNIP,A PLUS FARMS,624505
618444,LIGHTNING ENTERPRISES INC,AURORA EXPRESS,205802
2922410,LINDA ROBINSON,ALLY CAT GARAGE,907918
600413,LLOYD R BROWN,ASAP DELIVERY SERVICE,190787
,LONE PALM LLC,ADVANCED SEWER SERVICE,886186
976742,LONNIE R ALLEN,ALLEN TRUCKING,341653
804584,LYON WORLDWIDE SHIPPING LLC,AMERICAS BEST VAN LINES,269492
804584,LYON WORLDWIDE SHIPPING LLC,AMERICAS BEST VAN LINES,226
1153379,MAJER SINGH,A S G TRUCKING,377175
2369350,MARATHON TRANSPORTATION LLC,ASAP AUTO TRANSPORT,729706
916687,MARIANN CAPPS,ADVANCED LOGISTICS,312547
598220,MARK ANDRE ARCHER,ARCHER TRUCKING CO,96456
585403,MARTIN ANDRADE,ACTION TRANSIT,30755
,MATRIX DESIGN GROUP LLC,ALLIANCE DESIGN GROUP,625226
298901,MELVIN AMOS,AMOS DISTRIBUTOR,38110
1427469,MELVIN SPARKMAN,ACE KING LIMOUSINE,531980
152445,MEVIN A AND THERESA L AUMAN,AUMAN TRUCKING,119307
195334,MEYER WASTE SYSTEMS INC,ABLE DISPOSAL,52992
2122191,MICHAEL VANBIBBER,A & M LOGISTICS,656652
1539486,MIKE EAGLE,ALMOST TRUCKING,488545
,MILLS CONSTRUCTION CO INC,ABACO DOCK & LIFT,902482
604327,MILTON AMOS JR,AMOS  AMOS & AMOS CHARTER TOURS,193511
,MR ART GOODWIN,A & D BUS TOURS,58210
1452084,NARINDER S JOHAL,A J LOGISTICS,462954
968869,NH ENVIRONMENTAL GROUP INC,A&C TIERRA ENVIRONMENTAL,477178
2394014,NORTHWEST INDIANA PARTY BUS SERVICE LLC,ALL AROUND LIMOUSINE SERVICE,740221
1050638,O'HARE LOGISTICS INC,ALL-TYPES EXPEDITING & DELIVERY SVS,352490
2476758,ONE WRIGHT COMPANY LLC,AMPS TRANSPORTATION,777292
423308,PAUL MCCLAIN,AJ TOWING,661322
1393427,PAUL R ROYER,A-1 CONCRETE LEVELING,807121
950266,R AND C SERVICES INC,ACRA AUTOMOTIVE GROUP,730184
2608953,RABIOU ABDOULHASSAN,ABRAR TRUCKING,832502
2033557,RANDALL L ALBERTSON,ALBERTSON TRUCKING,686420
2937427,RAY E MORRISON,AIN'T GOT A DIME IN IT TRUCKING,915409
1827241,RAYMOND KIMBROUGH,ALL IN 1 TRANSPORTATION,580135
616294,REDIEHS TRANSIT LINE INC,AABC,196200
1167147,REEVES TRANSPORTATION SERVICE INC,A WORLD ENTERTAINMENT LIMOUSINE SERVICE,528288
,RICHARD M BOREN,AAA EXPRESS,354325
682437,ROBERT BRETT & SANDRA KAY ALLEN,ALLEN'S ALL AROUND TOWING,280548
1278943,ROBERT C STUMP JR,A B STUMP,412161
1066443,ROBERT TASH,ASAP TRUCKING,354626
,RODNEY P JENSEN,AGRI - TRANSPORT,582347
1757916,RODNEY SAWYER,A & R TRANSPORT,567656
796455,ROGER D ALIG,ALIG TRUCKING,265976
702165,RONALD L FOX,ANRON EXPRESS COMPANY,235770
1821668,ROYAL TRANSPORTATION INC,AWALE LIMOUSINE,1035995
,RUBLE ENTERPRISES INC,ABLE TRANSPORT,92606
769679,SAMUEL ELBERT,A1 DELIVERY,258834
2842321,SHAWN FRANKLIN,A & J TRANSPORT,380555
315117,SINGLETREE TRANSPORTATION INC,ANGLE BROTHERS,40778
1925702,SOUTHWEST SERVICES LLC,ABC CARRIER,606354
2225639,STAMM ENTERPRISES INC,AMERICAN TRANSPORTATION & LOGISTICS,281432
1178093,STEPHEN ALDRIDGE,ALDRIDGE BROS REPAIR,470371
1252044,STEVE ALKIRE,ALKIRE SON & SONS TRUCKING,403148
2032837,STEVE R DENHARTOG AND KENNETH DENHARTOG,ASK TOWING,630385
1780295,STEVEN P STROTHMAN,ASAP DELIVERY,566174
636740,STEVEN W HAMNER,ANGEL TRUCKING,482320
,STEWART G CARTER AND HOWARD L ORR,AIR FREIGHT ONE,118302
898198,TERRANCE L ARTIS & JANE M ARTIS,A & A ENTERPRISE,301749
,TERRY PENNINGTON,AUTORAMA USED CARS,719281
2495657,THE ME COMPANY LLC,ALL TRANSPORT AND SHIPPING,782739
712786,THOMAS ABRAMS JR,ABRAMS TRUCKING,77846
981171,THOMAS W RETHELFORD,ANGEL TEAMING,525395
548579,THOMPSON INTERNATIONAL LTD,ASIA PACIFIC FOODS,82264
735921,TIM TAYLOR TRANSPORTATION INC,A&A CUSTOM TOWING,511849
735127,TIM TAYLOR TRANSPORTATION INC,A AND A LUXURY LIMOUSINE,511850
1219229,TONY KRUMMA,ALL WAYS TRUCKING,396993
,TRACY  A  GREEN,A & M TRANSPORT,394801
2130707,TRI-STATE FINANCIAL INC,AUTOWORLD,659607
2239096,VICKIE M ARMSTRONG,ABSOLUTE LOGISTICS SOLUTIONS,517883
3221246,VW WASTE HOLDINGS LLC,AFFORDABLE MEDICAL WASTE|AFFORDABLE DOCUMENT SHREDDING,1076704
808738,W D FRANKLIN III,ALL FREIGHT SERVICES,43837
1034638,W JOHN BISZANTZ,ALLSEASONS TRUCKING,393417
125565,WABASH VALLEY VAN & STORAGE COMPANY,ACME VAN & STORAGE,105223
,WALTER R GRIMM,AUBURN EXPRESS SERVICE INC,170877
,WAYNE ALEXANDER,ALEXANDER FARM SERVICE,52688
807488,WISE ENTERPRISES INC,A "WISE" CHOICE LIMOUSINE SERVICE,270493
2437140,YOLO A & A LUXURY LIMOUSINE AND TOWING INC,A & A LUXURY LIMOUSINE AND TOWING,760014
2437140,YOLO A & A LUXURY LIMOUSINE AND TOWING INC,A & A LUXURY LIMOUSINE AND TOWING,760013
1807576,ZELALEM GHEBRESELASEA,A AND Z AUTO TRANSPORT AND TOWING SERVICE,603279
